,cluster,url
0,month1_cls17534,https://www.centredaily.com/news/politics-government/national-politics/article240108273.html#storylink=rss
1,month1_cls17534,http://www.albiladpress.com/news/2020/4137/arab-and-world/625983.html
2,month1_cls17534,https://www.sunherald.com/news/politics-government/national-politics/article240115918.html#storylink=rss
3,month1_cls17534,https://knpr.org/npr/2020-01/caucus-day-nears-iowa-voters-guided-big-health-care-changes
4,month1_cls17534,https://krdo.com/news/politics/2020/02/05/2020-race-moves-to-new-hampshire-as-iowa-keeps-counting/
5,month1_cls17534,https://www.journaldebangui.com/primaires-democrates-apres-le-debat-les-candidats-de-retour-sur-le-terrain/
6,month1_cls17534,https://www.blufftontoday.com/zz/news/20200211/buttigieg-sees-winning-nh-as-solution-to-his-deficit-with-minority-voters---live-updates?rssfeed=true
7,month1_cls17534,https://www.sevendaysvt.com/OffMessage/archives/2020/02/08/sanders-fends-off-attacks-at-new-hampshire-debate
8,month1_cls17534,https://sg.news.yahoo.com/biden-wins-support-large-electrical-162737656.html
9,month1_cls17534,https://www.tauntongazette.com/ZZ/news/20200203/dems-lay-big-caucus-egg-no-results-from-iowa-election?rssfeed=true
10,month1_cls17534,http://www.baynews9.com/fl/tampa/politics/2020/02/08/democrats-clash-over-electability-in-struggle-to-oust-trump-new-hampshire
11,month1_cls17534,https://wcfcourier.com/news/local/govt-and-politics/biden-in-waterloo-voters-have-even-bigger-responsibility-in-iowa/article_d262611d-b7ab-5d93-a327-3358b92b60d4.html
12,month1_cls17534,https://www.theolympian.com/news/nation-world/article240110603.html#storylink=rss
13,month1_cls17534,https://www.iowapublicradio.org/post/why-many-progressives-say-theyve-come-back-bernie-sanders
14,month1_cls17534,http://rss.cnn.com/~r/rss/cnn_latest/~3/mW5Lc7aoRWM/index.html
15,month1_cls17534,https://www.timesunion.com/opinion/article/Editorial-Sorry-Iowa-but-no-more-15048905.php
16,month1_cls17534,https://www.bostonherald.com/2020/02/12/bernie-sanders-nh-win-an-empty-victory/
17,month1_cls17534,https://www.ledger-enquirer.com/news/nation-world/article240211222.html#storylink=rss
18,month1_cls17534,https://www.lasprovincias.es/internacional/eeuu/democratas-buscan-favorito-20200209214629-ntrc.html
19,month1_cls17534,https://www.leavenworthtimes.com/zz/news/20200214/2020-democrats-step-up-attacks-to-blunt-bloombergs-rise?rssfeed=true
20,month1_cls17534,https://www.centredaily.com/news/politics-government/national-politics/article240108273.html#storylink=rss
21,month1_cls17534,https://www.sunherald.com/news/politics-government/national-politics/article240115918.html#storylink=rss
22,month1_cls17534,https://knpr.org/npr/2020-01/caucus-day-nears-iowa-voters-guided-big-health-care-changes
23,month1_cls17534,https://krdo.com/news/politics/2020/02/05/2020-race-moves-to-new-hampshire-as-iowa-keeps-counting/
24,month1_cls17534,https://www.journaldebangui.com/primaires-democrates-apres-le-debat-les-candidats-de-retour-sur-le-terrain/
25,month1_cls17534,https://www.sevendaysvt.com/OffMessage/archives/2020/02/08/sanders-fends-off-attacks-at-new-hampshire-debate
26,month1_cls17534,http://www.baynews9.com/fl/tampa/politics/2020/02/08/democrats-clash-over-electability-in-struggle-to-oust-trump-new-hampshire
27,month1_cls17534,https://wcfcourier.com/news/local/govt-and-politics/biden-in-waterloo-voters-have-even-bigger-responsibility-in-iowa/article_d262611d-b7ab-5d93-a327-3358b92b60d4.html
28,month1_cls17534,https://www.iowapublicradio.org/post/why-many-progressives-say-theyve-come-back-bernie-sanders
29,month1_cls17534,http://rss.cnn.com/~r/rss/cnn_latest/~3/mW5Lc7aoRWM/index.html
30,month1_cls17534,https://www.timesunion.com/opinion/article/Editorial-Sorry-Iowa-but-no-more-15048905.php
31,month1_cls17534,https://www.bostonherald.com/2020/02/12/bernie-sanders-nh-win-an-empty-victory/
32,month1_cls17534,https://www.ledger-enquirer.com/news/nation-world/article240211222.html#storylink=rss
33,month1_cls17534,https://www.lasprovincias.es/internacional/eeuu/democratas-buscan-favorito-20200209214629-ntrc.html
34,month1_cls17534,https://wbng.com/2020/02/11/the-latest-warren-draws-sanders-contrasts-in-new-hampshire/
35,month1_cls17534,https://www.leavenworthtimes.com/zz/news/20200214/2020-democrats-step-up-attacks-to-blunt-bloombergs-rise?rssfeed=true
36,month1_cls17534,https://fr.news.yahoo.com/primaire-l-apos-iowa-bernie-081400883.html
37,month1_cls17534,http://rssfeeds.desmoinesregister.com/~/618085126/0/desmoines/news~Live-coverage-New-Hampshire-primary-updates/
38,month1_cls17534,https://www.boston.com/news/politics/2020/02/07/new-hampshire-democratic-debate
39,month1_cls17534,https://www.myrtlebeachonline.com/news/nation-world/national/article240040868.html#storylink=rss
40,month1_cls17534,https://www.centredaily.com/news/politics-government/national-politics/article240108273.html#storylink=rss
41,month1_cls17534,https://www.sunherald.com/news/politics-government/national-politics/article240115918.html#storylink=rss
42,month1_cls17534,https://knpr.org/npr/2020-01/caucus-day-nears-iowa-voters-guided-big-health-care-changes
43,month1_cls17534,https://krdo.com/news/politics/2020/02/05/2020-race-moves-to-new-hampshire-as-iowa-keeps-counting/
44,month1_cls17534,https://www.bostonglobe.com/2020/02/05/nation/democrats-descend-new-hampshire-after-iowa-caucuses/?s_campaign=bostonglobe%3Asocialflow%3Afacebook
45,month1_cls17534,https://www.sevendaysvt.com/OffMessage/archives/2020/02/08/sanders-fends-off-attacks-at-new-hampshire-debate
46,month1_cls17534,https://www.faz.net/aktuell/politik/inland/thueringen-die-eltern-massregeln-das-schwer-erziehbare-kind-16625347.html
47,month1_cls17534,http://www.baynews9.com/fl/tampa/politics/2020/02/08/democrats-clash-over-electability-in-struggle-to-oust-trump-new-hampshire
48,month1_cls17534,https://wcfcourier.com/news/local/govt-and-politics/biden-in-waterloo-voters-have-even-bigger-responsibility-in-iowa/article_d262611d-b7ab-5d93-a327-3358b92b60d4.html
49,month1_cls17534,http://rss.cnn.com/~r/rss/cnn_latest/~3/mW5Lc7aoRWM/index.html
50,month1_cls17534,https://www.timesunion.com/opinion/article/Editorial-Sorry-Iowa-but-no-more-15048905.php
51,month1_cls17534,https://www.ledger-enquirer.com/news/nation-world/article240211222.html#storylink=rss
52,month1_cls17534,https://wbng.com/2020/02/11/the-latest-warren-draws-sanders-contrasts-in-new-hampshire/
53,month1_cls17534,https://www.leavenworthtimes.com/zz/news/20200214/2020-democrats-step-up-attacks-to-blunt-bloombergs-rise?rssfeed=true
54,month1_cls17534,https://fr.news.yahoo.com/primaire-l-apos-iowa-bernie-081400883.html
55,month1_cls17534,http://rssfeeds.desmoinesregister.com/~/618085126/0/desmoines/news~Live-coverage-New-Hampshire-primary-updates/
56,month1_cls17534,https://www.registercitizen.com/news/article/Aide-who-testified-against-Trump-likely-out-at-15038486.php
57,month1_cls17534,https://www.boston.com/news/politics/2020/02/07/new-hampshire-democratic-debate
58,month1_cls17534,https://www.myrtlebeachonline.com/news/nation-world/national/article240040868.html#storylink=rss
59,month1_cls17534,https://www.starnewsonline.com/zz/news/20200204/buttigieg-sanders-take-lead-with-first-iowa-caucus-results-but-still-no-winner?rssfeed=true
60,month1_cls17534,https://www.tri-cityherald.com/news/politics-government/national-politics/article240073323.html#storylink=rss
61,month1_cls17534,https://www.newsweek.com/buttigieg-wins-iowa-all-precincts-reporting-sanders-comes-second-1486207?fbclid=IwAR0cPX9SBBSQgE3mg76pJ7MqkB5m4hZMlm7clLjpwmFNTbsjmvf_yzkZEiY
62,month1_cls17534,https://kion546.com/news/politics/2020/02/05/bernie-sanders-wanted-outright-victory-in-iowa-but-he-will-have-to-settle-for-this/
63,month1_cls17534,https://www.centredaily.com/news/politics-government/national-politics/article240108273.html#storylink=rss
64,month1_cls17534,https://www.centredaily.com/news/politics-government/national-politics/article240115688.html#storylink=rss
65,month1_cls17534,https://www.wbal.com/article/434810/124/buttigieg-sanders-nearly-tied-as-iowa-caucus-results-narrow
66,month1_cls17534,https://www.haaretz.com/world-news/wires/1.8506178
67,month1_cls17534,https://www.wral.com/biden-mocks-rival-buttigiegs-record-as-small-city-mayor/18940081/
68,month1_cls17534,http://rssfeeds.wltx.com/~/617481564/0/all-nationnow~The-Iowa-caucuses-are-here-Follow-along-for-live-coverage-from-across-Iowa-and-the-world/
69,month1_cls17534,https://s24526.pcdn.co/wire/nation-world/772118/nh-campaigns-expected-to-shift-into-overdrive-after-debate
70,month1_cls17534,https://www.sunherald.com/news/politics-government/national-politics/article240115918.html#storylink=rss
71,month1_cls17534,https://nymag.com/intelligencer/2020/02/whos-left-as-a-democratic-unity-candidate-maybe-nobody.html
72,month1_cls17534,https://www.ilmessaggero.it/mondo/primarie_iowa_risultati_usa_sanders_warren_buttigieg-5028181.html
73,month1_cls17534,http://feedproxy.google.com/~r/businessinsider/~3/MIh95J0VgGs/joe-biden-conceded-hell-probably-lose-the-new-hampshire-primary-2020-2
74,month1_cls17534,https://www.counton2.com/news/national-news/primary-day-new-hampshire-hopes-to-clarify-unsettled-democratic-contest/
75,month1_cls17534,https://wsvn.com/news/politics/biden-tells-nh-democrats-that-buttigieg-not-a-barack-obama/
76,month1_cls17534,https://www.uticaod.com/ZZ/news/20200207/sanders-buttigieg-seen-as-top-targets-in-dems-nh-debate?rssfeed=true
77,month1_cls17534,https://www.kansascity.com/news/politics-government/national-politics/article240180268.html#storylink=rss
78,month1_cls17534,https://www.4029tv.com/article/new-hampshire-primary-dixville-notch-harts-location-millsfield/30866170
79,month1_cls17534,https://knpr.org/npr/2020-01/caucus-day-nears-iowa-voters-guided-big-health-care-changes
80,month1_cls17534,https://newsinfo.inquirer.net/1230206/who-warns-against-virus-over-reaction-as-death-toll-hits-1868
81,month1_cls17534,https://www.vindy.com/news/latest-news/2020/02/fri-951-a-m-new-virus-has-infected-more-than-76000-people-globally/
82,month1_cls17534,https://www.belfasttelegraph.co.uk/news/world-news/passengers-start-leaving-diamond-princess-38970607.html
83,month1_cls17534,"https://www.ntv.com.tr/dunya/idlibde-turk-askerine-saldiriya-dunyadan-tepki,CIox_I1Y102uVMoZ7RyT2w"
84,month1_cls17534,http://world.huanqiu.com/exclusive/2020-02/16059125.html
85,month1_cls17534,https://www.egyptindependent.com/cruise-stranded-by-virus-fears-ends-with-roses-in-cambodia/
86,month1_cls17534,http://feeds.reuters.com/~r/Reuters/worldNews/~3/x2BGc3iIN00/japan-plans-hiv-drug-trials-for-coronavirus-cruise-ship-evacuations-continue-idUSKBN20C02C
87,month1_cls17534,https://fr.news.yahoo.com/coronavirus-nombre-nouveaux-cas-chine-071634406.html
88,month1_cls17534,https://www.timesonline.com/ZZ/news/20200220/weather-and-protests-hamper-ukraine-quarantine-efforts?rssfeed=true
89,month1_cls17534,https://www.france24.com/en/20200218-china-says-mainland-death-toll-from-coronavirus-reaches-almost-1-900?ref=tw
90,month1_cls17534,https://www.lexpress.fr/actualite/monde/asie/nouveau-coronavirus-32-passagers-britanniques-et-europeens-rapatries-par-le-royaume-uni_2119060.html
91,month1_cls17534,https://www.metro.pr/pr/noticias/2020/02/16/mas-100-alemanes-evacuados-china-terminan-cuarentena.html
92,month1_cls17534,https://noticias24pty.com/estados-unidos-evacuo-un-crucero-en-japon-por-el-coronavirus-que-deja-mil-770-muertos-en-china/
93,month1_cls17534,https://www.lesechos.fr/monde/chine/0602780210708-coronavirus-pres-de-11700-morts-dans-le-monde-et-un-12e-cas-en-france-2327868.php#xtor=RSS-2053
94,month1_cls17534,https://www.journaldebangui.com/coronavirus-pres-de-1-900-morts-loms-contre-toute-mesure-disproportionnee/
95,month1_cls17534,https://www.milenio.com/ciencia-y-salud/oms-va-contra-suspension-de-cruceros-por-coronavirus
96,month1_cls17534,https://www.dhnet.be/actu/monde/coronavirus-la-barre-des-1000-morts-franchie-l-oms-evoque-une-tres-grave-menace-pour-le-monde-5e42b04cf20d5a5365ca9f7b
97,month1_cls17534,https://www.theolympian.com/news/nation-world/article240382176.html#storylink=rss
98,month1_cls17534,https://www.newschief.com/ZZ/news/20200220/2-more-russians-on-cruise-ship-diagnosed-with-virus?rssfeed=true
99,month1_cls17534,https://www.inquisitr.com/5904233/russia-interference-2020-elections/
100,month2_cls17534,https://www.timesonline.com/ZZ/news/20200304/latest-biden-pledges-unity-as-nomination-fight-narrows?rssfeed=true
101,month2_cls17534,http://www.kitv.com/story/41848048/joe-biden-takes-aim-at-front-runner-bernie-sanders-on-super-tuesday
102,month2_cls17534,https://armenpress.am/rus/news/1007224/
103,month2_cls17534,https://www.theblaze.com/news/despite-weak-super-tuesday-showing-warren-asks-supporters-to-help-keep-up-the-momentum
104,month2_cls17534,https://www.ktsa.com/pete-buttigieg-to-endorse-joe-biden-at-rally-ahead-of-super-tuesday/
105,month2_cls17534,http://feeds.reuters.com/~r/reuters/UKBankingFinancial/~3/DTgoIoQ6kXg/scared-of-sanders-presidency-wall-street-dems-double-down-on-moderates-idUSL1N2AW1J1
106,month2_cls17534,https://www.onlineathens.com/zz/news/20200303/state-by-state-breakdown-of-what-to-watch-for-on-super-tuesday-where-15-contests-are-up-for-grabs?rssfeed=true
107,month2_cls17534,https://www.airelibre.com.ar/2020/03/12/los-modulos-alimentarios-y-los-kits-escolares-se-entregaran-puerta-a-puerta/
108,month2_cls17534,https://www.miamiherald.com/news/article240817866.html#storylink=rss
109,month2_cls17534,https://www.krmg.com/news/national/special-delivery-fedex-driver-finds-lost-dog-returns-her-colorado-home/nrPlRmIXjaxDav3wlbPmnJ/
110,month2_cls17534,https://www.krmg.com/news/national/star-wars-fan-gets-bionic-arm-decorated-like-after-getting-noticed-mark-hamill/n7lKYGMefIlO1Zmlgz768L/
111,month2_cls17534,https://www.houmatoday.com/ZZ/news/20200306/latest-biden-gains-new-endorsements-from-moderate-dems?rssfeed=true
112,month2_cls17534,https://www.standard.co.uk/news/world/south-carolina-primary-joe-biden-win-bernie-sanders-a4375171.html
113,month2_cls17534,https://www.bellinghamherald.com/news/business/national-business/article240865001.html#storylink=rss
114,month2_cls17534,https://www.bellinghamherald.com/news/politics-government/election/article240858216.html#storylink=rss
115,month2_cls17534,https://www.bellinghamherald.com/news/business/national-business/article240858901.html#storylink=rss
116,month2_cls17534,http://rssfeeds.detroitnews.com/~/619297664/0/detroit/home~Game-on-Biden-Sanders-tout-strengths-heading-into-Super-Tuesday/
117,month2_cls17534,https://truthout.org/articles/it-took-joe-biden-32-years-and-3-presidential-campaigns-to-win-one-primary/
118,month2_cls17534,https://mynorthwest.com/1744581/warren-bets-on-brokered-convention-will-she-last-that-long/
119,month2_cls17534,https://www.fox21news.com/news/election/bloomberg-drops-out-of-presidential-race-endorses-biden/
120,month2_cls17534,http://feeds.examiner.ie/~r/ieworld/~3/D_-9bcw9nsI/us-deal-may-be-at-hand-to-ease-economic-pain-of-coronavirus-989872.html
121,month2_cls17534,https://www.chieftain.com/zz/news/20200325/senators-reach-deal-on-2-trillion-stimulus-bill-will-pass-today-mcconnell-says?rssfeed=true
122,month2_cls17534,https://www.wvtm13.com/article/white-house-senate-reach-historic-dollar2-trillion-stimulus-deal-amid-growing-coronavirus-fears-1/31921699
123,month2_cls17534,https://www.ocala.com/ZZ/news/20200320/congress-white-house-race-to-draft-1t-rescue-package?rssfeed=true
124,month2_cls17534,https://www.vol.at/erster-corona-fall-der-nba-spendet-halbe-million-us-dollar/6555059
125,month2_cls17534,http://feeds.crainsnewyork.com/~r/crainsnewyork/latestnews/~3/P9fG0SSpYIE/senate-passes-virus-relief-bill-plans-even-bigger-stimulus
126,month2_cls17534,https://www.fox16.com/news/coronavirus/senate-unanimously-passes-massive-coronavirus-aid-plan/
127,month2_cls17534,https://www.heraldtribune.com/ZZ/news/20200321/mcconnell-very-close-on-rescue-package-topping-1t?rssfeed=true
128,month2_cls17534,https://www.theday.com/national-politics/20200327/updated-trump-signs-22-trillion-coronavirus-rescue-package
129,month2_cls17534,https://www.fltimes.com/news/nation/commentary-actually-getting-the-coronavirus-stimulus-bill-right-would-be/article_8571a4eb-3a3e-5ff2-b394-c521fdc49f93.html
130,month2_cls17534,https://www.forbes.com/sites/lisettevoytko/2020/03/25/senate-passes-stimulus-bill-amid-economic-fallout-from-coronavirus/
131,month2_cls17534,https://wsvn.com/news/politics/ap-sources-white-house-seeks-850-billion-economic-stimulus/
132,month2_cls17534,https://www.palmbeachpost.com/ZZ/news/20200320/congress-toils-on-1-trillion-rescue-trump-unleashes-fury?rssfeed=true
133,month2_cls17534,https://www.businessinsider.in/stock-market/news/deal-on-a-roughly-2-trillion-coronavirus-stimulus-package-reached-between-the-senate-and-white-house-including-cutting-checks-to-americans/articleshow/74805238.cms
134,month2_cls17534,https://www.krqe.com/news/politics/income-tax-filing-deadline-moved-to-july-15-from-april-15/
135,month2_cls17534,https://www.scpr.org/news/2020/03/25/91389/white-house-senate-agree-to-2-trillion-coronavirus/
136,month2_cls17534,https://www.leavenworthtimes.com/ZZ/news/20200321/congress-toils-on-1-trillion-rescue-trump-unleashes-fury?rssfeed=true
137,month2_cls17534,https://www.cbsnews.com/news/congress-and-white-house-agree-on-2-trillion-coronavirus-aid-package/
138,month2_cls17534,https://www.timesfreepress.com/news/national/political/story/2020/mar/25/talks-2-trillion-bill-ease-economic-pain-coronavirus-drag/519019/
139,month2_cls17534,https://thedailyrecord.com/2020/03/24/congress-closing-in-on-nearly-2-trillion-virus-aid-package/
140,month2_cls17534,https://www.blufftontoday.com/ZZ/news/20200302/latest-buttigieg-formally-announces-biden-endorsement?rssfeed=true
141,month2_cls17534,https://www.staugustine.com/ZZ/news/20200303/super-tuesday-marks-first-major-security-test-of-2020?rssfeed=true
142,month2_cls17534,http://www.kitv.com/story/41848048/joe-biden-takes-aim-at-front-runner-bernie-sanders-on-super-tuesday
143,month2_cls17534,https://armenpress.am/rus/news/1007224/
144,month2_cls17534,https://www.cleveland.com/open/2020/03/joe-biden-to-visit-cleveland-and-columbus-tuesday.html
145,month2_cls17534,https://www.masslive.com/politics/2020/03/if-elizabeth-warren-drops-out-who-will-she-endorse.html
146,month2_cls17534,https://www.ktsa.com/pete-buttigieg-to-endorse-joe-biden-at-rally-ahead-of-super-tuesday/
147,month2_cls17534,https://www.masslive.com/politics/2020/03/report-pete-buttigieg-may-endorse-joe-biden-in-narrowing-democratic-presidential-race.html
148,month2_cls17534,https://www.thenewstribune.com/news/nation-world/article240806006.html#storylink=rss
149,month2_cls17534,http://feeds.reuters.com/~r/reuters/UKBankingFinancial/~3/DTgoIoQ6kXg/scared-of-sanders-presidency-wall-street-dems-double-down-on-moderates-idUSL1N2AW1J1
150,month2_cls17534,https://www.onlineathens.com/zz/news/20200303/state-by-state-breakdown-of-what-to-watch-for-on-super-tuesday-where-15-contests-are-up-for-grabs?rssfeed=true
151,month2_cls17534,https://www.miamiherald.com/news/article240817866.html#storylink=rss
152,month2_cls17534,https://www.myrtlebeachonline.com/news/politics-government/national-politics/article240794611.html#storylink=rss
153,month2_cls17534,https://www.savannahnow.com/ZZ/news/20200303/latest-south-carolinas-clyburn-relishes-biden-wins?rssfeed=true
154,month2_cls17534,https://www.krmg.com/news/national/special-delivery-fedex-driver-finds-lost-dog-returns-her-colorado-home/nrPlRmIXjaxDav3wlbPmnJ/
155,month2_cls17534,https://www.seattlepi.com/news/article/Inside-the-final-month-of-Buttigieg-s-historic-15097703.php
156,month2_cls17534,https://www.myrtlebeachonline.com/news/politics-government/national-politics/article240794586.html#storylink=rss
157,month2_cls17534,https://www.morgenpost.de/politik/ausland/article228608895/Prognosen-Biden-gewinnt-Demokraten-Vorwahl-in-Virginia.html
158,month2_cls17534,https://www.lubbockonline.com/ZZ/news/20200303/latest-joe-biden-wins-democratic-primary-in-texas?rssfeed=true
159,month2_cls17534,https://www.standard.co.uk/news/world/south-carolina-primary-joe-biden-win-bernie-sanders-a4375171.html
160,month2_cls17534,http://bq-magazine.com/heres-how-the-government-plans-on-giving-you-1000/?utm_source=rss&utm_medium=rss&utm_campaign=heres-how-the-government-plans-on-giving-you-1000
161,month2_cls17534,https://www.pressherald.com/2020/03/20/congress-white-house-race-to-draft-1-trillion-coronavirus-rescue-package/
162,month2_cls17534,https://www.chieftain.com/zz/news/20200325/senators-reach-deal-on-2-trillion-stimulus-bill-will-pass-today-mcconnell-says?rssfeed=true
163,month2_cls17534,http://feeds.reuters.com/~r/reuters/INworldNews/~3/JGvUEQ54sYk/u-s-congress-negotiators-reach-deal-on-2-trillion-coronavirus-aid-package-idINKBN21B192
164,month2_cls17534,https://www.foxnews.com/politics/senate-continues-negotiations-over-coronavirus-stimulus-bill-ahead-of-expected-vote
165,month2_cls17534,https://www.iowapublicradio.org/post/congress-weighs-new-massive-wave-emergency-funding-address-coronavirus
166,month2_cls17534,https://www.wvxu.org/post/pelosi-says-there-real-optimism-over-coronavirus-financial-package
167,month2_cls17534,https://www.savannahnow.com/ZZ/news/20200316/senate-votes-to-extend-not-tweak-3-surveillance-powers?rssfeed=true
168,month2_cls17534,https://www.wvtm13.com/article/white-house-senate-reach-historic-dollar2-trillion-stimulus-deal-amid-growing-coronavirus-fears-1/31921699
169,month2_cls17534,http://feeds.reuters.com/~r/Reuters/worldNews/~3/IzrbPJ1LmIc/germany-expands-entry-restrictions-to-flights-from-several-eu-countries-idUSKBN2153JE
170,month2_cls17534,https://listen.sdpb.org/post/white-house-senate-agree-2-trillion-coronavirus-rescue-package
171,month2_cls17534,https://www.ocala.com/ZZ/news/20200320/congress-white-house-race-to-draft-1t-rescue-package?rssfeed=true
172,month2_cls17534,https://www.breitbart.com/politics/2020/03/24/watch-live-senate-continues-to-debate-coronavirus-package/
173,month2_cls17534,https://www.csmonitor.com/USA/Politics/2020/0320/1-trillion-rescue-plan-tax-filing-deadline-moved-to-July-15?icid=rss
174,month2_cls17534,https://www.theday.com/nationworld-news/20200320/trumps-team-senators-to-negotiate-1t-economic-rescue-deal
175,month2_cls17534,https://www.timesonline.com/ZZ/news/20200320/congress-white-house-race-to-draft-1t-rescue-package?rssfeed=true
176,month2_cls17534,http://feeds.crainsnewyork.com/~r/crainsnewyork/latestnews/~3/P9fG0SSpYIE/senate-passes-virus-relief-bill-plans-even-bigger-stimulus
177,month2_cls17534,https://www.ourmidland.com/news/medical/article/The-Latest-Pakistani-official-says-he-has-15152589.php
178,month2_cls17534,https://www.newsweek.com/why-did-democrats-block-coronavirus-stimulus-bill-1493767?utm_source=Public&utm_medium=Feed&utm_campaign=Distribution
179,month2_cls17534,https://www.heraldtribune.com/ZZ/news/20200321/mcconnell-very-close-on-rescue-package-topping-1t?rssfeed=true
180,month2_cls17534,https://fr.metrotime.be/2020/03/17/must-read/le-cap-des-7-000-morts-depasse-a-travers-le-monde/
181,month2_cls17534,https://www.elheraldodetabasco.com.mx/mundo/primer-dia-en-china-sin-casos-nuevos-de-pandemia-covid-19-coronavirus-4987642.html
182,month2_cls17534,https://www.debate.com.mx/mundo/Cuba-reserva-suficiente-antiviral-para-tratar-el-Covid-19-en-otros-paises-20200313-0217.html
183,month2_cls17534,http://catamarcadigital.com/alerta-prohiben-eventos-en-los-que-haya-mas-de-300-personas/
184,month2_cls17534,https://www.20minutos.es/noticia/4194335/0/mapa-contagios-coronavirus-muertos-mundo/
185,month2_cls17534,https://www.elcomercio.es/sociedad/salud/investigacion-calor-coronavirus-20200319200711-ntrc.html
186,month2_cls17534,http://bazonline.ch/wirtschaft/standard/AirlineVerband-rechnet-wegen-Virus-mit-hohen-Umsatzeinbussen/story/29384888
187,month2_cls17534,http://fmalfatinogasta.com/coronavirus-river-pide-a-sus-socios-que-no-vayan-al-club-si-viajaron-a-zonas-de-riesgo/
188,month2_cls17534,https://www.elconfidencial.com/tecnologia/ciencia/2020-03-16/vacuna-humanos-coronavirus-eeuu_2501478/
189,month2_cls17534,https://www.siempreformosa.com/2020/03/coronavirus-la-linea-107-recibe-un.html
190,month2_cls17534,http://www.elpais.cr/2020/03/10/funcionarios-del-hospital-de-alajuela-intensifican-limpieza-del-centro-hospitalario/
191,month2_cls17534,https://www.baraderoteinforma.com.ar/coronavirus-recomendaciones/
192,month2_cls17534,http://diariosomos.com.ar/coronavirus-en-la-argentina-con-un-paquete-de-medidas-de-emergencia-el-gobierno-busca-contener-los-contagios/
193,month2_cls17534,https://www.latribunadealbacete.es/noticia/Z18D063D3-B986-5A36-5A6813F06517CE2E/202003/se-esperaba-mas-de-la-ue
194,month2_cls17534,https://www.inform.kz/en/kazakhstan-to-impose-entry-bans-for-people-from-germany-spain-and-france_a3623262
195,month2_cls17534,http://www.laradio1029.com.ar/2020/03/07/coronavirus-recomiendan-a-las-escuelas-la-adopcion-de-medidas-preventivas/
196,month2_cls17534,http://feedproxy.google.com/~r/rappler/~3/aVW4BLY2qao/254388-opinion-lets-not-forget-poor-coronavirus-pandemic
197,month2_cls17534,https://www.news18.com/news/india/coronavirus-outbreak-with-over-100-rise-in-48-hours-janata-curfew-must-be-extended-for-a-week-2546075.html
198,month2_cls17534,https://www.nuevotribuno.com/2020/03/el-gobierno-decreto-la-emergencia.html
199,month2_cls17534,https://www.journaldebangui.com/coronavirus-liran-annonce-63-nouveaux-deces-portant-le-total-a-354-morts/
200,month4_cls17534,https://www.latestnigeriannews.com/news/8490781/metgalachallenge-has-people-recreating-iconic-looks.html
201,month4_cls17534,https://www.latestnigeriannews.com/news/8490151/peakbreakfast-table-talk-lasisi-tomike-temisan-and-others-edutain-nigerians-on-t.html
202,month4_cls17534,https://www.latestnigeriannews.com/news/8488850/how-video-vixen-kodak-died-hospital-thought-she-had-covid19-clarence-peters.html
203,month4_cls17534,https://www.latestnigeriannews.com/news/8490550/i-was-a-painter-but-robbery-paid-better-suspect-confesses.html
204,month4_cls17534,https://www.latestnigeriannews.com/news/8490845/my-wife-is-angry-with-me-because-i-bought-underwears-for-her-niece.html
205,month4_cls17534,https://www.latestnigeriannews.com/news/8490531/10-doctors-test-positive-for-coronavirus-in-kano.html
206,month4_cls17534,https://www.latestnigeriannews.com/news/8490638/15-children-are-hospitalized-in-new-york-city-with-an-inflammatory-syndrome-that.html
207,month4_cls17534,https://www.latestnigeriannews.com/news/8489421/2020-could-be-the-biggest-year-of-blackpinks-career.html
208,month4_cls17534,https://www.latestnigeriannews.com/news/8490219/2020-may-day-ilo-highlights-challenges-amidst-covid19-pandemic.html
209,month4_cls17534,https://www.latestnigeriannews.com/news/8489853/245-new-covid19-cases-reported-total-2802-417-discharged-93-deaths.html
210,month4_cls17534,https://www.latestnigeriannews.com/news/8490463/4-new-cases-in-south-korea-china-show-work-on-containment.html
211,month4_cls17534,https://www.latestnigeriannews.com/news/8489322/401-of-nigerians-poor-says-nbs-in-new-report.html
212,month4_cls17534,https://www.latestnigeriannews.com/news/8489957/5-important-things-happening-in-south-africa-today.html
213,month4_cls17534,https://www.latestnigeriannews.com/news/8490014/829m-nigerians-below-poverty-line-nbs.html
214,month4_cls17534,https://www.latestnigeriannews.com/news/8490626/a-bittersweet-time-travel-back-to-edgbaston-2005-why-not.html
215,month4_cls17534,https://www.latestnigeriannews.com/news/8489460/a-closer-look-at-the-recent-flurry-of-google-meet-news.html
216,month4_cls17534,https://www.latestnigeriannews.com/news/8490188/a-man-wore-a-kkk-hood-to-a-california-grocery-store-after-a-mask-mandate-was-put.html
217,month4_cls17534,https://www.latestnigeriannews.com/news/8489060/a-new-twilight-book-is-coming-this-time-from-edwards-perspective.html
218,month4_cls17534,https://www.latestnigeriannews.com/news/8490291/aaron-carter-calls-face-tattoo-of-pregnant-exgirlfriends-name-a-mistake-and-ques.html
219,month4_cls17534,https://www.latestnigeriannews.com/news/8490174/aaron-ramsey-reveals-why-he-left-arsenal-for-juventus.html
220,month4_cls17534,https://www.eldiario24.com/nota/argentina/450217/argentina-nuevo-parte-sobre-coronavirus-cuantos-infectados-hay-este-jueves.html
221,month4_cls17534,https://las24horasdejujuy.com.ar/coronavirus-en-argentina-este-domingo-fallecieron-9-personas-y-hay-103-nuevos-casos/?utm_source=rss&utm_medium=rss&utm_campaign=coronavirus-en-argentina-este-domingo-fallecieron-9-personas-y-hay-103-nuevos-casos
222,month4_cls17534,https://www.eldiariocba.com.ar/provinciales/2020/5/4/alerta-por-vientos-fuertes-en-toda-la-provincia-un-frio-intenso-hasta-el-jueves-20225.html
223,month4_cls17534,https://surnoticias.com.ar/2020/05/hoy-fueron-confirmados-258-nuevos-casos-de-covid-19-con-estos-registros-suman-6-034-positivos-en-el-pais/
224,month4_cls17534,https://www.catamarcactual.com.ar/nacionales/2020/5/7/confirman-163-nuevos-casos-fallecidos-199299.html
225,month4_cls17534,https://www.pix11.com/news/coronavirus/trump-may-add-strings-to-virus-bailouts
226,month4_cls17534,https://www.mendovoz.com/actualidad/nacionales/2020/5/3/cuatro-nuevos-muertos-por-coronavirus-ya-son-241-en-todo-el-pais-84207.html
227,month4_cls17534,https://www.limiteinformativo.com/index.php/secciones/politica/18173-el-gobierno-nacional-entrego-26-000-tests-de-diagnostico-contra-el-covid-19-y-275-respiradores
228,month4_cls17534,https://knpr.org/npr/2020-05/germany-france-propose-543-billion-eu-coronavirus-recovery-fund
229,month4_cls17534,https://www.minutoneuquen.com/nacionales/2020/5/1/aumento-225-el-numero-de-muertos-por-coronavirus-los-casos-confirmados-superan-los-4530-212828.html
230,month4_cls17534,http://www.lessentiel.lu/de/wirtschaft/story/27170442
231,month4_cls17534,https://radiomitre.cienradios.com/coronavirus-el-gobierno-entrego-26-000-tests-de-diagnostico-y-275-respiradores/
232,month4_cls17534,https://tn.com.ar/salud/lo-ultimo/coronavirus-en-la-argentina-con-149-nuevos-casos-son-4681-los-infectados-y-237-los-muertos_1067750
233,month4_cls17534,https://www.cadenanueve.com/2020/05/01/coronavirus-en-todo-el-pais-los-fallecidos-son-225-y-hay-4-532-contagiados-tras-conocerse-infectados-y-este-viernes/
234,month4_cls17534,https://www.catamarcactual.com.ar/informacion-general/2020/5/1/provincias-con-mas-casos-de-coronavirus-por-habitante-catamarca-con-cero-198974.html
235,month4_cls17534,https://canal7ibarreta.com.ar/coronavirus-suman-293-las-muertes-y-5611-los-casos-confirmados-en-el-pais/
236,month4_cls17534,https://www.dispatch.com/zz/business/20200512/tesla-plans-to-restart-electric-car-production-at-california-plant-after-coronavirus-shutdown?rssfeed=true
237,month4_cls17534,https://canal7ibarreta.com.ar/ascienden-a-237-los-muertos-por-coronavirus-en-el-pais-y-se-registran-4-681-infectados/
238,month4_cls17534,http://www.chacohoy.com/noticias/view/224629
239,month4_cls17534,https://www.lanzadigital.com/general/espana-apoya-el-fondo-de-recuperacion-de-500-000-millones-propuesto-por-alemania-y-francia/
240,month4_cls17534,https://www.elconfidencial.com/espana/2020-05-10/ultima-hora-coronavirus-espana-segundo-pais-rural_2556204/
241,month4_cls17534,https://www.laopinioncoruna.es/sociedad/2020/05/20/tercer-dia-cien-muertes-covid/1503410.html?utm_source=rss
242,month4_cls17534,https://www.huelvainformacion.es/sociedad/coronavirus-Espana-Balance-domingo-3-mayo-dia-madre_0_1461154036.html
243,month4_cls17534,https://www.lagacetadesalamanca.es/nacional/las-comunidades-de-la-fase-1-podran-adelantar-o-retrasar-dos-horas-la-franja-de-salida-de-los-menores-para-evitar-el-calor-AM2925121
244,month4_cls17534,https://www.latribunadetoledo.es/noticia/Z506EA28D-EEB4-1959-A4F002DA26417D9F/202005/las-muertes-por-covid-19-en-espana-bajan-a-179-en-24-horas
245,month4_cls17534,https://www.lavanguardia.com/local/valencia/20200515/481152783144/comunitat-valenciana-pasa-fase-1-desescalada-coronavirus.html
246,month4_cls17534,https://as.com/diarioas/2020/05/04/actualidad/1588568814_225267.html#?ref=rss&format=simple&link=link
247,month4_cls17534,https://www.elperiodicomediterraneo.com/noticias/coronavirus/podra-ir-segunda-residencia-misma-provincia-fase-1_1293551.html
248,month4_cls17534,https://www.huffingtonpost.es/entry/la-cifra-de-fallecidos-diarios-con-coronavirus-vuelve-a-caer-123-en-24-horas_es_5eb8f9aac5b6eaeda7004300
249,month4_cls17534,https://www.infobae.com/america/agencias/2020/05/09/espana-reporta-227-nuevos-fallecidos-por-covid-19/
250,month4_cls17534,https://www.agendaempresa.com/111465/seguridad-social-ha-perdido-947-896-afiliados-desde-12-marzo/
251,month4_cls17534,https://as.com/diarioas/2020/05/16/actualidad/1589621010_701017.html#?ref=rss&format=simple&link=link
252,month4_cls17534,https://www.eltelegrama.com/noticia/3978/noticias/2-de-mayo:-cronologia-de-muertes-y-contagios-reales-de-coronavirus-en-espana-pcr--pruebas-de-anticuerpos.html
253,month4_cls17534,https://www.malagahoy.es/sociedad/coronavirus-espana-provincias-fase-1_0_1462654335.html
254,month4_cls17534,http://www.publico.es/sociedad/covid-19-cifra-muertos-diarios-coronavirus-sube-ligeramente-184-ultimas-24-horas.html
255,month4_cls17534,https://www.larioja.com/sociedad/salud/coronavirus-deja-nuevos-20200503105031-ntrc.html
256,month4_cls17534,https://www.latribunadecuenca.es/noticia/ZD6463820-A82C-D0BC-E8ABC5CF880CBDFE/202005/a-cuatro-peldanos-de-la-nueva-normalidad
257,month4_cls17534,http://www.diariodelaltoaragon.es/NoticiasDetalle.aspx?Id=1206685
258,month4_cls17534,https://www.laopiniondemurcia.es/comunidad/2020/05/09/bbva-preve-caida-pib-8/1112583.html?utm_source=rss
259,month4_cls17534,https://www.abc.es/sociedad/abci-estas-comunides-avanzan-fase-desescalada-202005221437_noticia.html
260,month4_cls17534,https://informe21.com/astrologia/no-te-pierdas-la-oportunidad-de-conocer-lo-que-la-vida-pondra-en-tu-camino
261,month4_cls17534,https://www.latestnigeriannews.com/news/8559800/this-ecommerce-company-is-vital-in-the-new-age-of-retail.html
262,month4_cls17534,https://www.latestnigeriannews.com/news/8556370/masterclass-which-offers-celebritytaught-online-classes-for-a-180-annual-subscri.html
263,month4_cls17534,https://www.elcorreo.com/sociedad/horoscopo-mayo-2020-20200501013000-nt.html
264,month4_cls17534,https://www.latestnigeriannews.com/news/8559330/matasi-harambee-stars-goalkeeper-blames-inexperience-for-poor-2019-afcon.html
265,month4_cls17534,https://www.latestnigeriannews.com/news/8559255/max-q-huge-week-ahead-for-spacex-and-virgin-orbit.html
266,month4_cls17534,https://www.latestnigeriannews.com/news/8559534/call-of-duty-modern-warfare-and-warzone-down-servers-experiencing-issues.html
267,month4_cls17534,https://www.latestnigeriannews.com/news/8559628/call-to-fasttrack-bike-lanes-to-boost-jobs-and-take-advantage-of-lockdowninduced.html
268,month4_cls17534,https://www.latestnigeriannews.com/news/8557040/meet-the-freelance-club-a-pioneer-helping-freelancers-grow-successful-careers.html
269,month4_cls17534,https://www.latestnigeriannews.com/news/8556642/can-i-go-to-the-beach-or-see-a-friend-how-to-ease-back-into-everyday-activities-.html
270,month4_cls17534,https://www.latestnigeriannews.com/news/8557080/can-marketing-be-compassionate.html
271,month4_cls17534,https://www.latestnigeriannews.com/news/8557038/can-spains-apologetic-prime-minister-pedro-snchez-cling-to-power.html
272,month4_cls17534,https://www.latestnigeriannews.com/news/8557492/messis-net-worth-hits-309m.html
273,month4_cls17534,https://www.latestnigeriannews.com/news/8557134/microsoft-upgrades-android-with-powerful-surface-features.html
274,month4_cls17534,https://www.latestnigeriannews.com/news/8558028/mike-tyson-could-launch-comeback-against-tito-ortiz-mma-star-claims.html
275,month4_cls17534,https://www.latestnigeriannews.com/news/8559033/minecraft-dungeons-release-date-and-5-things-to-know-before-you-play.html
276,month4_cls17534,https://www.latestnigeriannews.com/news/8557845/miriam-margolyes-clarifies-her-controversial-comments-about-brutal-greedy-austra.html
277,month4_cls17534,https://www.latestnigeriannews.com/news/8556991/missing-ohio-high-school-senior-madison-bell-found-safe.html
278,month4_cls17534,https://libero.pe/horoscopo/1557264-horoscopo-diario-chino-predicciones-4-mayo-2020-gratis-josie-diez-canseco-signo-zodiacal-tarot-virgo-libra-aries-tauro
279,month4_cls17534,https://www.latestnigeriannews.com/news/8558197/momanyi-gor-mahia-defender-casts-doubt-on-his-future-at-club.html
280,month4_cls17534,https://www.elconfidencial.com/espana/2020-05-10/ultima-hora-coronavirus-espana-segundo-pais-rural_2556204/
281,month4_cls17534,https://www.laopinioncoruna.es/sociedad/2020/05/20/tercer-dia-cien-muertes-covid/1503410.html?utm_source=rss
282,month4_cls17534,https://www.huelvainformacion.es/sociedad/coronavirus-Espana-Balance-domingo-3-mayo-dia-madre_0_1461154036.html
283,month4_cls17534,https://www.lagacetadesalamanca.es/nacional/las-comunidades-de-la-fase-1-podran-adelantar-o-retrasar-dos-horas-la-franja-de-salida-de-los-menores-para-evitar-el-calor-AM2925121
284,month4_cls17534,https://www.latribunadetoledo.es/noticia/Z506EA28D-EEB4-1959-A4F002DA26417D9F/202005/las-muertes-por-covid-19-en-espana-bajan-a-179-en-24-horas
285,month4_cls17534,https://www.lavanguardia.com/local/valencia/20200515/481152783144/comunitat-valenciana-pasa-fase-1-desescalada-coronavirus.html
286,month4_cls17534,https://as.com/diarioas/2020/05/04/actualidad/1588568814_225267.html#?ref=rss&format=simple&link=link
287,month4_cls17534,https://www.elperiodicomediterraneo.com/noticias/coronavirus/podra-ir-segunda-residencia-misma-provincia-fase-1_1293551.html
288,month4_cls17534,https://www.huffingtonpost.es/entry/la-cifra-de-fallecidos-diarios-con-coronavirus-vuelve-a-caer-123-en-24-horas_es_5eb8f9aac5b6eaeda7004300
289,month4_cls17534,https://www.infobae.com/america/agencias/2020/05/09/espana-reporta-227-nuevos-fallecidos-por-covid-19/
290,month4_cls17534,https://www.agendaempresa.com/111465/seguridad-social-ha-perdido-947-896-afiliados-desde-12-marzo/
291,month4_cls17534,https://www.eltelegrama.com/noticia/3978/noticias/2-de-mayo:-cronologia-de-muertes-y-contagios-reales-de-coronavirus-en-espana-pcr--pruebas-de-anticuerpos.html
292,month4_cls17534,https://www.malagahoy.es/sociedad/coronavirus-espana-provincias-fase-1_0_1462654335.html
293,month4_cls17534,http://city.udn.com/54086/6981997?ch=rss_ugccitynewpost
294,month4_cls17534,https://www.larioja.com/sociedad/salud/coronavirus-deja-nuevos-20200503105031-ntrc.html
295,month4_cls17534,https://www.latribunadecuenca.es/noticia/ZD6463820-A82C-D0BC-E8ABC5CF880CBDFE/202005/a-cuatro-peldanos-de-la-nueva-normalidad
296,month4_cls17534,http://www.diariodelaltoaragon.es/NoticiasDetalle.aspx?Id=1206685
297,month4_cls17534,https://www.laopiniondemurcia.es/comunidad/2020/05/09/bbva-preve-caida-pib-8/1112583.html?utm_source=rss
298,month4_cls17534,http://www.publico.es/politica/comunidades-autonomas-podran-retrasar-o.html
299,month4_cls17534,https://www.elconfidencial.com/espana/2020-05-09/contagios-muertes-coronavirus-ministerio-sanidad-fernando-simon-salvador-illa_2587244/
300,month5_cls17534,https://www.kwtx.com/content/news/Police-back-off-as-peaceful-protests-push-deep-reforms-571096241.html
301,month5_cls17534,https://www.ibtimes.com/brazilians-hold-rival-rallies-against-president-2989489?utm_source=Public&utm_medium=Feed&utm_campaign=Distribution
302,month5_cls17534,https://www.mirror.co.uk/news/us-news/democrats-take-knee-martyr-george-22160184
303,month5_cls17534,https://www.recordonline.com/news/20200605/nyc-mayor-protests-largely-peaceful-curfew-will-continue?rssfeed=true
304,month5_cls17534,https://www.wnct.com/news/watch-live-george-floyd-memorial-service-in-minneapolis/
305,month5_cls17534,https://www.seattletimes.com/nation-world/nation/biden-to-meet-with-george-floyds-family-before-funeral/?utm_source=RSS&utm_medium=Referral&utm_campaign=RSS_all
306,month5_cls17534,https://www.sfgate.com/news/article/George-Floyd-s-body-returns-to-Houston-for-final-15322989.php
307,month5_cls17534,https://www.ibtimes.com/us-police-officer-charged-floyd-death-appear-court-2989975?utm_source=Public&utm_medium=Feed&utm_campaign=Distribution
308,month5_cls17534,https://www.rrstar.com/ZZ/news/20200530/trump-postpones-g7-meeting-seeks-expansion-of-members?rssfeed=true
309,month5_cls17534,http://feeds.reuters.com/~r/Reuters/domesticNews/~3/qV6xY7vHKdU/hard-hit-new-york-city-begins-reopening-as-coronavirus-infection-rate-plummets-idUSKBN23F28T
310,month5_cls17534,https://www.abc57.com/news/mourners-visit-george-floyds-casket-in-houston-to-pay-respects
311,month5_cls17534,https://kion546.com/news/national-world/2020/06/08/houston-expects-thousands-of-mourners-at-george-floyd-visitation-today/
312,month5_cls17534,https://www.leavenworthtimes.com/ZZ/news/20200608/thousands-mourn-george-floyd-in-texas-amid-calls-for-reform?rssfeed=true
313,month5_cls17534,https://www.nhregister.com/news/article/Houston-to-hold-6-hour-public-viewing-of-Floyd-s-15323626.php
314,month5_cls17534,https://kfor.com/news/watch-live-george-floyd-memorial-service-in-minneapolis/
315,month5_cls17534,https://www.woodtv.com/news/national/protests-turn-subdued-after-new-charges-in-floyd-case/
316,month5_cls17534,http://www.mynews13.com/fl/orlando/ap-top-news/2020/06/09/george-floyd-whose-death-energized-a-movement-to-be-buried
317,month5_cls17534,https://miamidiario.com/asi-transcurrio-el-funeral-de-george-floyd-el-hombre-que-se-convirtio-en-un-simbolo-contra-la-violencia-racial/
318,month5_cls17534,https://howafrica.com/george-floyd-memorial-service-begins-with-t-i-ludacris-tyrese-gibson-kevin-hart-and-others-in-attendance-photos/
319,month5_cls17534,https://www.9news.com.au/world/george-floyd-death-funeral-casket-viewing-houston-texas-memorials-minneapolis-north-carolina/59c1c9fb-94d0-4006-b470-cd2e803a4e63
320,month5_cls17534,https://www.wearegreenbay.com/top-stories/live-updates-nasa-making-second-attempt-at-historic-launch-of-crewed-spacex-mission/
321,month5_cls17534,https://www.ibtimes.com/spacex-crew-dragon-docks-international-space-station-2985486?utm_source=Public&utm_medium=Feed&utm_campaign=Distribution
322,month5_cls17534,https://www.dostor.org/3105198
323,month5_cls17534,https://www.bbc.co.uk/news/science-environment-52855029
324,month5_cls17534,https://rpp.pe/ciencia/espacio/spacex-la-nueva-preocupacion-de-elon-musk-el-regreso-del-crew-dragon-con-astronautas-a-la-tierra-nasa-noticia-1269620
325,month5_cls17534,https://www.wishtv.com/news/national/spacexs-astronaut-riding-dragon-arrives-at-space-station/
326,month5_cls17534,https://www.iol.co.za/news/world/watch-spacex-nasa-successfully-launches-two-astronauts-into-space-from-us-soil-48722967
327,month5_cls17534,https://www.tagesschau.de/ausland/spacex-rakete-start-101.html
328,month5_cls17534,https://www.elcorreo.com/culturas/fallece-christo-artista-20200601092434-ntrc.html
329,month5_cls17534,https://www.thenews.com.pk/print/666085-moscow-bemused-at-us-space-hysteria-as-musk-taunts-russia
330,month5_cls17534,https://www.clickorlando.com/news/world/2020/06/02/eu-says-russia-should-not-yet-rejoin-g7-despite-trump-plan/
331,month5_cls17534,https://www.providencejournal.com/ZZ/news/20200531/spacexs-astronaut-riding-dragon-approaches-space-station?rssfeed=true
332,month5_cls17534,https://www.staugustine.com/ZZ/news/20200531/destruction-continues-in-california-as-more-curfews-declared?rssfeed=true
333,month5_cls17534,https://www.elterritorio.com.ar/despego-el-primer-vuelo-espacial-privado-con-astronautas-de-la-nasa-70347-et
334,month5_cls17534,http://feeds.reuters.com/~r/reuters/companyNews/~3/T05eMMV-YqI/update-3-nasa-resumes-human-spaceflight-from-u-s-soil-with-historic-spacex-launch-idUSL1N2DC05C
335,month5_cls17534,http://rssfeeds.northjersey.com/~/625582448/0/northjerseynews~NASA-and-SpaceX-make-history-by-launching-Americans-into-space-from-US-soil/
336,month5_cls17534,https://www.clickondetroit.com/news/national/2020/05/30/los-angeles-mayor-asks-for-national-guard-amid-violence/
337,month5_cls17534,http://feedproxy.google.com/~r/TheRawStory/~3/3PZg8LWngBM/
338,month5_cls17534,https://abc7news.com/science/liftoff-spacex-falcon-9-leaves-the-pad-at-kennedy-space-center/6212619/
339,month5_cls17534,https://www.itv.com/news/2020-05-30/spacex-and-nasa-launch-astronauts-into-space-from-us-soil-for-first-time-in-nine-years/
340,month5_cls17534,https://www.youm7.com/story/2020/6/8/إعلان-القاهرة-خارطة-طريق-لوقف-نزيف-الحرب-وإعلاء-المصلحة-الوطنية/4813115
341,month5_cls17534,https://www.italpress.com/coronavirus-ricoveri-ancora-in-calo-2/
342,month5_cls17534,https://www.elfagr.com/3962106
343,month5_cls17534,https://it.notizie.yahoo.com/imprese-cresce-industria-italiana-bioplastiche-090930781.html
344,month5_cls17534,https://www.alarabiya.net/ar/north-africa/2020/06/08/%D9%8A%D9%82%D8%B1%D8%B1-%D8%A7%D8%B3%D8%AA%D9%82%D8%B1%D8%A7%D8%B1-%D9%84%D9%8A%D8%A8%D9%8A%D8%A7-%D8%B1%D9%88%D8%B3%D9%8A%D8%A7-%D8%AA%D8%B1%D8%AD%D9%91%D8%A8-%D8%A8%D9%80-%D8%A7%D8%B9%D9%84%D8%A7%D9%86-%D8%A7%D9%84%D9%82%D8%A7%D9%87%D8%B1%D8%A9-.html
345,month5_cls17534,https://www.almasryalyoum.com/news/details/1985301
346,month5_cls17534,https://www.agi.it/cronaca/news/2020-06-09/curva-contagi-coronavirus-nuovi-casi-morti-8855299/
347,month5_cls17534,https://www.ilpost.it/2020/06/12/meteo-le-previsioni-per-domani-sabato-13-giugno/
348,month5_cls17534,https://www.ligurianotizie.it/in-italia-79-morti-34-043-incremento-in-rialzo-ma-abruzzo-indica-32-decessi-di-giorni-fa/2020/06/09/387990/
349,month5_cls17534,https://www.yenisafak.com/dunya/urdun-vadisinde-yasayan-filistinliler-israil-ilhakina-direniyor-3543559
350,month5_cls17534,http://yemen-press.com/news118187.html
351,month5_cls17534,https://www.elfagr.com/3970263
352,month5_cls17534,https://www.youm7.com/story/2020/6/6/اللواء-محمد-ابراهيم-إعلان-القاهرة-يمهد-الطريق-لتسوية-سياسية-شاملة/4810660
353,month5_cls17534,https://www.fanpage.it/attualita/coronavirus-bollettino-6-giugno-234-801-casi-in-italia-di-cui-165-078-guariti-e-33-846-morti/
354,month5_cls17534,https://www.almasryalyoum.com/news/details/1985316
355,month5_cls17534,https://www.lagazzettadelmezzogiorno.it/news/home/1229890/coronavirus-italia-lieve-impennata-nuovi-casi-+393-e-56-morti-8-regioni-0-contagi.html
356,month5_cls17534,https://www.financialexpress.com/market/motherson-sumi-systems-share-price-doubs-since-march-stock-price-could-go-up/1979710/
357,month5_cls17534,https://www.financialexpress.com/industry/it-spending-in-india-to-decline-8-1-in-2020-on-covid-impact-gartner/1980369/
358,month5_cls17534,http://alquds.com/articles/1591858124717233300/
359,month5_cls17534,https://newsyemen.net/new/57390
360,month5_cls17534,https://www.iol.co.za/news/world/us-lawmakers-introduce-police-reform-bill-as-thousands-turn-out-for-george-floyd-memorial-49149237
361,month5_cls17534,"https://www.midilibre.fr/2020/06/04/etats-unis-ces-fake-news-qui-circulent-apres-le-deces-de-george-floyd,8916539.php"
362,month5_cls17534,http://feeds.reuters.com/~r/Reuters/domesticNews/~3/qV6xY7vHKdU/hard-hit-new-york-city-begins-reopening-as-coronavirus-infection-rate-plummets-idUSKBN23F28T
363,month5_cls17534,https://notimundo.com.mx/clima/esta-noche-los-remanentes-de-amanda-ocasionaran-lluvias-torrenciales/
364,month5_cls17534,https://www.rsi.ch/news/mondo/Giunta-lora-della-giustizia-razziale-13121787.html
365,month5_cls17534,https://www.foxnews.com/us/nyc-protests-george-floyd-de-blasio
366,month5_cls17534,https://www.horacero.com.mx/nacional/se-extiende-covid-19-a-carceles-de-17-estados-hay-348-casos/
367,month5_cls17534,https://www.dispatch.com/zz/news/20200608/four-in-five-voters-say-nation-is-out-of-control-poll-finds?rssfeed=true
368,month5_cls17534,https://www.republica.com.uy/sigue-la-ola-de-protestas-contra-el-abuso-policial-y-el-racismo-en-eeuu-id768445/
369,month5_cls17534,http://rssfeeds.usatoday.com/~/626404086/0/usatodaycomnation-topstories~Coronavirus-news-and-updates-Global-deaths-top-K-US-officials-urge-demonstrators-to-get-tested-New-York-to-allow-inperson-graduations/
370,month5_cls17534,http://feeds.reuters.com/~r/reuters/INtechnologyNews/~3/mQHy5Vx1YfA/twitter-facebook-disable-trump-video-tribute-to-floyd-over-copyright-complaint-idINKBN23C09K
371,month5_cls17534,https://diario.mx/estados-unidos/piden-cientificos-a-fb-controlar-posts-de-trump-20200606-1670879.html
372,month5_cls17534,https://www.lapatilla.com/2020/06/01/el-toque-de-queda-no-funcionara-en-nueva-york-durante-protestas-de-george-floyd/
373,month5_cls17534,https://www.brightsideofthesun.com/2020/5/30/21275365/nba-zeroing-in-playoffs-plan-orlando-phoenix-suns
374,month5_cls17534,https://www.thecentersquare.com/new_york/new-york-city-placed-under-curfew-in-attempt-to-contain-violence-protests/article_bf453694-a45e-11ea-8ce3-3f9e989ebb1a.html
375,month5_cls17534,http://www.oleantimesherald.com/news/state/cuomo-calls-for-ag-to-review-nypd-actions-from-friday-demonstrations/article_b6f02b99-9bf4-55ce-b125-d4abd666d604.html
376,month5_cls17534,https://www.telemundo47.com/noticias/eeuu/eeuu-muerte-george-floyd/2061401/
377,month5_cls17534,https://www.wisn.com/article/dc-paints-huge-black-lives-matter-mural-near-white-house/32782283
378,month5_cls17534,https://www.pbs.org/newshour/nation/new-york-city-imposes-11-p-m-curfew-amid-floyd-protests
379,month5_cls17534,http://french.xinhuanet.com/2020-06/02/c_139108239.htm
380,month5_cls17534,https://www.gainesville.com/zz/news/20200603/new-charges-in-george-floyds-death-derek-chauvin-faces-second-degree-murder-3-other-officers-charged-senator-says?rssfeed=true
381,month5_cls17534,https://www.sentinel-standard.com/zz/news/20200606/prosecutors-seek-right-mix-of-charges-in-george-floyd-case?rssfeed=true
382,month5_cls17534,http://feeds.reuters.com/~r/Reuters/domesticNews/~3/qV6xY7vHKdU/hard-hit-new-york-city-begins-reopening-as-coronavirus-infection-rate-plummets-idUSKBN23F28T
383,month5_cls17534,https://globegazette.com/news/national/judge-750k-bail-for-3-ex-officers-accused-in-floyds-death/article_ac8d814c-ac10-51ad-b3c4-fb1de807d1e7.html
384,month5_cls17534,https://www.prnewswire.com:443/news-releases/asia-b2b-company-data-portal-2020-50-million-key-employee-contacts-across-more-than-1-000-industries-301069211.html
385,month5_cls17534,https://www.foxnews.com/us/nyc-protests-george-floyd-de-blasio
386,month5_cls17534,https://www.crimeonline.com/2020/06/01/derek-chauvin-cop-charged-with-killing-george-floyd-is-in-max-security-prison-officials/
387,month5_cls17534,https://www.yourcentralvalley.com/news/u-s-world/judge-750k-bail-for-3-ex-officers-accused-in-floyds-death/
388,month5_cls17534,https://www.bernerzeitung.ch/putin-offen-fuer-trumps-g7-vorstoss-749241469539
389,month5_cls17534,https://www.lapatilla.com/2020/06/01/el-toque-de-queda-no-funcionara-en-nueva-york-durante-protestas-de-george-floyd/
390,month5_cls17534,https://www.theledger.com/ZZ/news/20200530/china-says-us-action-on-hong-kong-doomed-to-fail?rssfeed=true
391,month5_cls17534,https://www.thecentersquare.com/new_york/new-york-city-placed-under-curfew-in-attempt-to-contain-violence-protests/article_bf453694-a45e-11ea-8ce3-3f9e989ebb1a.html
392,month5_cls17534,http://www.oleantimesherald.com/news/state/cuomo-calls-for-ag-to-review-nypd-actions-from-friday-demonstrations/article_b6f02b99-9bf4-55ce-b125-d4abd666d604.html
393,month5_cls17534,https://www.telemundo47.com/noticias/eeuu/eeuu-muerte-george-floyd/2061401/
394,month5_cls17534,https://www.centrodeinformes.com.ar/ex-jefe-policia-boston-el-problema-no-es-la-policia-es-el-racismo-sistemico/?utm_source=rss&utm_medium=rss&utm_campaign=ex-jefe-policia-boston-el-problema-no-es-la-policia-es-el-racismo-sistemico
395,month5_cls17534,http://french.xinhuanet.com/2020-06/02/c_139108239.htm
396,month5_cls17534,https://www.politico.com/states/new-york/albany/story/2020/06/04/de-blasio-cuomo-stand-by-cops-amid-outcry-1291040
397,month5_cls17534,https://www.lesechos.fr/monde/etats-unis/george-floyd-aux-etats-unis-les-appels-se-multiplient-pour-repenser-le-pouvoir-des-policiers-1207359
398,month5_cls17534,https://www.news-journalonline.com/zz/news/20200603/new-charges-in-george-floyds-death-derek-chauvin-faces-second-degree-murder-3-other-officers-charged-senator-says?rssfeed=true
399,month5_cls17534,https://www.680news.com/2020/06/06/prosecutors-seek-right-mix-of-charges-in-george-floyd-case/
400,month0_cls17534,https://www.seattlepi.com/news/us/article/As-Iran-and-US-take-step-back-from-the-brink-14964282.php
401,month0_cls17534,https://www.theguardian.com/world/2020/jan/09/iran-plane-crash-report-ukraine-boeing-flames-turn-back-radio-call
402,month0_cls17534,https://ww2.elmercurio.com.ec/2020/01/13/la-policia-irani-dice-que-ha-ordenado-moderacion-frente-a-las-protestas/
403,month0_cls17534,https://www.turkiyegazetesi.com.tr/dunya/674198.aspx
404,month0_cls17534,https://www.pressdemocrat.com/home/a1/10570741-181/verified-videos-show-plane-in
405,month0_cls17534,https://www.ndtv.com/world-news/prince-harry-meghan-markle-to-step-back-as-senior-royal-family-members-2160989
406,month0_cls17534,https://nationalpost.com/news/canada/champagne-asks-iran-to-let-canadian-officials-in-to-investigate-plane-crash
407,month0_cls17534,https://www.nationalnewswatch.com/2020/01/08/ukrainian-airlines-crash-near-tehran-kills-63-canadians-176-dead/
408,month0_cls17534,https://www.latestnigeriannews.com/news/8056679/find-out-interesting-details-about-the-huawei-nova-6.html
409,month0_cls17534,http://www.therepublic.com/2020/01/08/cn-canada-iran-plane-crash/
410,month0_cls17534,https://www.iol.co.za/news/world/iran-investigators-say-doomed-ukrainian-plane-never-called-for-help-40307061
411,month0_cls17534,https://www.oann.com/canadians-light-candles-to-mourn-victims-of-iran-plane-crash/
412,month0_cls17534,https://www.deseret.com/indepth/2020/1/9/21058787/iran-tehran-flight-plane-missiles-crash-trump-soleimani
413,month0_cls17534,https://www.france24.com/en/20200113-london-summons-iran-s-ambassador-over-uk-envoy-s-arrest-in-tehran-demonstration
414,month0_cls17534,https://punchng.com/iran-to-punish-those-responsible-for-downing-ukrainian-plane/
415,month0_cls17534,https://www.abc57.com/news/iranian-official-says-reports-that-missiles-downed-ukrainian-passenger-plane-a-big-lie
416,month0_cls17534,http://feedproxy.google.com/~r/reuters/Ghqc/~3/ogspT1PKYcI/u-s-to-join-probe-of-ukrainian-jet-disaster-that-killed-176-idUSKBN1Z82SE
417,month0_cls17534,https://cn.reuters.com/article/boeing-iran-crash-wrapup-0108-wedn-idCNKBS1Z800T?feedType=RSS&feedName=CNAnalysesNews
418,month0_cls17534,https://tucson.com/news/national/u-s-experts-concerned-about-iran-s-handling-of-crash/article_28d1ff0e-ffd4-5dc8-8b9c-9451b7bd7820.html
419,month0_cls17534,https://uk.news.yahoo.com/piers-morgan-takes-aim-prince-102000956.html
420,month0_cls17534,https://www.paginasiete.bo/planeta/2020/1/25/coronavirus-deja-41-muertos-en-china-llega-ya-11-paises-244524.html
421,month0_cls17534,https://edition.cnn.com/asia/live-news/wuhan-coronavirus-china-intl-hnk/h_2269e3570edbbac9860928ac59b31635?utm_source=twCNNi&utm_term=link&utm_medium=social&utm_content=2020-01-22T05%3A51%3A29
422,month0_cls17534,https://kfiam640.iheart.com/content/2020-01-22-coronavirus-death-tolls-rises-to-nine-china-confirms-additional-440-cases/?Keyid=socialflow&Pname=local_social&Sc=editorial
423,month0_cls17534,https://www.nbc4i.com/news/u-s-world/coronavirus-reported-in-washington-state/
424,month0_cls17534,http://feedproxy.google.com/~r/businessinsider/~3/EbGV7rAVf0Q/trump-weighs-in-on-warren-sanders-spat-believes-bernie-sanders-2020-1
425,month0_cls17534,https://www.telegram.com/ZZ/news/20200125/virus-death-toll-in-china-rises-to-56-with-about-2000-cases?rssfeed=true
426,month0_cls17534,https://www.islandpacket.com/news/nation-world/national/article239499353.html#storylink=rss
427,month0_cls17534,https://aristeguinoticias.com/2101/mundo/confirma-china-291-casos-del-nuevo-coronavirus-seis-personas-murieron-en-wuha/
428,month0_cls17534,https://www.elsiglodetorreon.com.mx/noticia/1665372.confirma-amlo-dos-casos-sospechosos-de-coronavirus-en-mexico.html
429,month0_cls17534,"https://tvnmeteo.tvn24.pl/r/news,315142.html?source=rss"
430,month0_cls17534,http://www.looptonga.com/global-news/pacific-nations-alert-coronavirus-6-quarantined-fiji-89718
431,month0_cls17534,https://www.ledger-enquirer.com/news/article239552698.html#storylink=rss
432,month0_cls17534,https://metro.co.uk/2020/01/29/effective-face-masks-coronavirus-12144465/
433,month0_cls17534,https://www.diarioelmundo.com.mx/index.php/2020/01/22/aumentan-a-571-los-infectados-por-coronavirus-en-china/
434,month0_cls17534,https://www.washingtonpost.com/world/asia_pacific/china-coronavirus-live-updates/2020/01/30/1da6ea52-4302-11ea-b5fc-eefa848cde99_story.html
435,month0_cls17534,https://www.wthr.com/article/washington-man-1st-us-catch-new-virus-china-1
436,month0_cls17534,https://www.timesfreepress.com/news/local/story/2020/jan/29/health-experts-spread-virus-local/514367/?utm_medium=social&utm_source=facebook_Chattanooga_Times_Free_Press
437,month0_cls17534,https://www.ideal.es/deportes/mas-deportes/coronavirus-wuhan-boxeo-futbol-femenino-20200122180207-ntrc.html
438,month0_cls17534,https://www.iol.co.za/business-report/international/chinese-new-year-celebrations-cancelled-amid-fears-of-deadly-coronavirus-41340676
439,month0_cls17534,https://de.sott.net/article/34042-China-Unbekannte-Lungenkrankheit-breitet-sich-aus
440,month0_cls17534,https://bdnews24.com/world/2020/01/08/netanyahu-says-anyone-attacking-israel-will-be-dealt-strongest-blow
441,month0_cls17534,https://edition.cnn.com/asia/live-news/wuhan-coronavirus-china-intl-hnk/h_2269e3570edbbac9860928ac59b31635?utm_source=twCNNi&utm_term=link&utm_medium=social&utm_content=2020-01-22T05%3A51%3A29
442,month0_cls17534,https://kfiam640.iheart.com/content/2020-01-22-coronavirus-death-tolls-rises-to-nine-china-confirms-additional-440-cases/?Keyid=socialflow&Pname=local_social&Sc=editorial
443,month0_cls17534,http://elblog.com/inicio/increible-iran-ofrece-recompensa-de-80-millones-por-la-cabeza-de-donald-trump/
444,month0_cls17534,https://www.nbc4i.com/news/u-s-world/coronavirus-reported-in-washington-state/
445,month0_cls17534,https://www.heraldsun.com/news/politics-government/national-politics/article239262993.html#storylink=rss
446,month0_cls17534,https://www.islandpacket.com/news/nation-world/national/article239499353.html#storylink=rss
447,month0_cls17534,https://aristeguinoticias.com/2101/mundo/confirma-china-291-casos-del-nuevo-coronavirus-seis-personas-murieron-en-wuha/
448,month0_cls17534,https://www.elsiglodetorreon.com.mx/noticia/1665372.confirma-amlo-dos-casos-sospechosos-de-coronavirus-en-mexico.html
449,month0_cls17534,http://www.infomontecaseros.com/2020/01/primer-ministro-iraqui-el-ataque-con.html
450,month0_cls17534,https://www.tribuna.com.mx/mundo/VIDEO-Asi-fue-el-ataque-con-el-que-EU-mato-al-general-irani-Qassem-Soleimani-20200103-0051.html
451,month0_cls17534,https://www.ledger-enquirer.com/news/article239552698.html#storylink=rss
452,month0_cls17534,https://www.diarioelmundo.com.mx/index.php/2020/01/22/aumentan-a-571-los-infectados-por-coronavirus-en-china/
453,month0_cls17534,https://www.wthr.com/article/washington-man-1st-us-catch-new-virus-china-1
454,month0_cls17534,https://www.elpopular.pe/mundo/259697-tension-eeuu-e-iran-vivo-hoy-ultimas-noticias-tercera-guerra-mundial-conflicto-medio-oriente-minuto-minuto-donald-trump-estados-unidos-qasem-soleimani
455,month0_cls17534,https://fox40.com/2020/01/17/us-to-screen-airline-passengers-from-china-for-new-illness/
456,month0_cls17534,https://www.ideal.es/deportes/mas-deportes/coronavirus-wuhan-boxeo-futbol-femenino-20200122180207-ntrc.html
457,month0_cls17534,https://www.lexpress.fr/actualite/societe/sante/virus-chinois-vigilance-declenchee-en-france-un-cas-suspect-detecte-en-australie_2115676.html
458,month0_cls17534,https://www.kentucky.com/news/nation-world/national/article239576813.html#storylink=rss
459,month0_cls17534,https://kesq.com/news/national-world/2020/01/18/chinas-coronavirus-cases-likely-grossly-underestimated-study-says/
460,month0_cls17534,https://www.diariolibre.com/actualidad/internacional/iran-lanza-misiles-a-base-iraqui-que-tiene-soldados-de-eeuu-NM16295811
461,month0_cls17534,https://noticostarica.com/los-simpson-nostradamus-predicen-muerte-de-donald-trump/
462,month0_cls17534,https://www.siasat.com/us-house-limits-trumps-war-power-iran-1788221/
463,month0_cls17534,https://dailycaller.com/2020/01/09/pelosi-lying-american-public-over-war-powers-resolution-kevin-mccarthy/
464,month0_cls17534,https://www.sify.com/news/security-beefed-up-around-white-house-amid-iran-threat-news-international-ubihueeaacibc.html
465,month0_cls17534,https://www.newsweek.com/irans-foreign-minister-says-trump-pompeo-have-threatened-crime-against-humanity-war-crime-1480831?utm_source=Public&utm_medium=Feed&utm_campaign=Distribution
466,month0_cls17534,http://ici.radio-canada.ca/nouvelle/1460369/bousculade-funerailles-general-soleimani-iran-morts
467,month0_cls17534,https://www.nbc4i.com/news/u-s-world/more-us-troops-deploy-to-mideast-amid-tensions-with-iran/
468,month0_cls17534,https://fox40.com/2020/01/08/two-rockets-land-in-baghdads-heavily-fortified-green-zone/
469,month0_cls17534,https://www.sunherald.com/opinion/article239007598.html#storylink=rss
470,month0_cls17534,https://www.standard.co.uk/news/world/uk-risk-retaliation-iran-qasem-soleimani-a4325801.html
471,month0_cls17534,http://feeds.reuters.com/~r/reuters/INworldNews/~3/ZEZMAlR7FaA/u-s-lawmakers-divided-over-trump-iran-argument-set-war-powers-vote-idINKBN1Z71RP
472,month0_cls17534,https://www.newsru.com/world/04jan2020/secret_soleimani.html?utm_source=rss
473,month0_cls17534,https://tn.ai/2174109
474,month0_cls17534,http://vivirenjuarez.com.mx/2020/01/soleimani-planeaba-matar-a-muchos-estadounidenses-trump/
475,month0_cls17534,https://www.martinique.franceantilles.fr/actualite/international/iran-maree-humaine-a-ahvaz-pour-l-adieu-au-general-soleimani-549334.php
476,month0_cls17534,https://www.theledger.com/ZZ/news/20200104/rockets-fired-after-day-of-mourning-for-slain-iranian-leader?rssfeed=true
477,month0_cls17534,https://www.krqe.com/news/politics/high-stakes-decision-looms-for-trump-in-showdown-with-iran/
478,month0_cls17534,https://www.vanguardngr.com/2020/01/iraq-could-pay-price-for-us-strike-on-iran-commander-%e2%80%95-analysts/
479,month0_cls17534,https://www.the-daily-record.com/ZZ/news/20200104/thousands-mourn-iranian-general-as-region-braces-for-revenge?rssfeed=true
480,month0_cls17534,https://www.diariolibre.com/actualidad/internacional/iran-lanza-misiles-a-base-iraqui-que-tiene-soldados-de-eeuu-NM16295811
481,month0_cls17534,https://actualidad.rt.com/actualidad/338618-pentagono-confirmar-ataque-muerte-general-iran
482,month0_cls17534,https://www.centralmaine.com/2020/01/04/small-cracks-have-appeared-in-republican-unity-on-impeachment-trial/
483,month0_cls17534,https://www.sify.com/news/security-beefed-up-around-white-house-amid-iran-threat-news-international-ubihueeaacibc.html
484,month0_cls17534,https://www.newsweek.com/irans-foreign-minister-says-trump-pompeo-have-threatened-crime-against-humanity-war-crime-1480831?utm_source=Public&utm_medium=Feed&utm_campaign=Distribution
485,month0_cls17534,https://www.theblaze.com/news/rand-paul-vows-to-force-votes-to-call-hunter-biden-and-many-more-if-dem-witnesses-testify-in-senate
486,month0_cls17534,https://www.nbc4i.com/news/u-s-world/more-us-troops-deploy-to-mideast-amid-tensions-with-iran/
487,month0_cls17534,https://fox40.com/2020/01/08/two-rockets-land-in-baghdads-heavily-fortified-green-zone/
488,month0_cls17534,https://www.newsweek.com/trump-de-escalate-iran-nuclear-deal-1481862?utm_source=Public&utm_medium=Feed&utm_campaign=Distribution
489,month0_cls17534,https://fr.news.yahoo.com/grammy-awards-billie-eilish-remporte-062258295.html
490,month0_cls17534,https://www.sunherald.com/opinion/article239007598.html#storylink=rss
491,month0_cls17534,https://www.themercury.com.au/news/breaking-news/democrats-press-for-impeachment-witnesses/news-story/af77d35dd03da3b7d2d92b4884c0e8cb
492,month0_cls17534,http://feeds.reuters.com/~r/reuters/topNews/~3/1DadaTytfnQ/u-s-mcconnell-says-wont-haggle-with-house-over-impeachment-trial-plan-idUSKBN1Z728C
493,month0_cls17534,https://tn.ai/2174109
494,month0_cls17534,https://abcnews.go.com/Politics/senators-remain-gripped-partisanship-trumps-impeachment-trial-begins/story?id=68330730
495,month0_cls17534,http://vivirenjuarez.com.mx/2020/01/soleimani-planeaba-matar-a-muchos-estadounidenses-trump/
496,month0_cls17534,http://rssfeeds.usatoday.com/~/615262874/0/usatoday-newstopstories~The-case-for-witnesses-at-Trump-Senate-impeachment-trial-gets-stronger-every-day-Schumer/
497,month0_cls17534,https://www.vanguardngr.com/2020/01/iraq-could-pay-price-for-us-strike-on-iran-commander-%e2%80%95-analysts/
498,month0_cls17534,https://www.the-daily-record.com/ZZ/news/20200104/thousands-mourn-iranian-general-as-region-braces-for-revenge?rssfeed=true
499,month0_cls17534,http://rssfeeds.wltx.com/~/615826190/0/all-nationnow~House-Democrats-should-subpoena-Bolton-to-testify-on-Trump-and-Ukraine-Its-not-too-late/
500,month3_cls17534,https://www.lapampadiaxdia.com.ar/2020/04/coronavirus-con-112-casos-nuevos-hay-3144-contagiados-y-151-muertos.html
501,month3_cls17534,https://www.paranacampana.com.ar/general/politica/entre-rios-esta-entre-las-siete-provincias-que-flexibilizan-la-cuarentena/
502,month3_cls17534,https://lu17.com/destacado/covid19-en-argentina-6-muertes-y-167-nuevos-casos-confirmados?utm_source=rss&utm_medium=rss&utm_campaign=covid19-en-argentina-6-muertes-y-167-nuevos-casos-confirmados
503,month3_cls17534,https://www.lanacion.com.ar/sociedad/coronavirus-argentina-x-muertos-x-nuevos-casos-nid2355912
504,month3_cls17534,https://seranoticia.com/ya-son-79-las-muertes-y-1-894-los-infectados-por-coronavirus-en-la-argentina/
505,month3_cls17534,http://contactoradio.com/home/2020/04/23/salud-publica-monitorea-a-mas-de-600-pampeanos-con-antecedentes-de-viaje/
506,month3_cls17534,http://fmdelpuebloazul.com.ar/fm/2020/04/24/9-muertes-por-coronavirus-este-viernes-en-argentina/
507,month3_cls17534,http://www.grenzecho.net/34329/artikel/2020-04-08/us-prasidentschaftsrennen-sanders-steigt-aus-weg-frei-fur-biden
508,month3_cls17534,https://www.lu24.com.ar/coronavirus-172-nuevos-casos-en-el-pais-totalizan-3607-infectados/
509,month3_cls17534,https://www.24siete.info/253825-coronavirus-el-chaco-en-el-podio-de-provincias-con-mas-casos/?utm_source=feed&utm_medium=rss&utm_term=rss&utm_campaign=Rss%20Feed
510,month3_cls17534,http://diarioextra.com/Noticia/detalle/415567/oms-descarta-que-las-mascarillas-sean-la-solucion-milagro-contra-la-pandemia-
511,month3_cls17534,https://lapostacomodorense.com.ar/coronavirus-4-nuevas-muertes/?utm_source=rss&utm_medium=rss&utm_campaign=coronavirus-4-nuevas-muertes
512,month3_cls17534,https://www.dispatch.com/ZZ/news/20200414/cuomo-says-trump-is-not-king-cant-force-states-to-reopen?rssfeed=true
513,month3_cls17534,https://www.siempreformosa.com/2020/04/ibanez-participo-de-la-presentacion-de.html
514,month3_cls17534,http://www.primerafuente.com.ar/noticias/85756/ultimas-24-horas-tucuman-no-tuvo-casos-coronavirus
515,month3_cls17534,https://www.sie7edechiapas.com/single-post/2020/04/17/China-registra-m%C3%A1s-muertes-por-Coronavirus-que-EUA-Trump
516,month3_cls17534,https://ceresciudad.com/el-presidente-flexibilizara-9-provincias-con-cuarentena-liviana-y-hasta-se-podrian-sumar-cordoba-y-santa-fe/
517,month3_cls17534,https://lu17.com/destacado/seis-personas-murieron-y-147-fueron-diagnosticadas-con-coronavirus?utm_source=rss&utm_medium=rss&utm_campaign=seis-personas-murieron-y-147-fueron-diagnosticadas-con-coronavirus
518,month3_cls17534,https://theweek.com/speedreads/907200/coronavirus-death-toll-officially-passes-10000-nearly-half-new-york
519,month3_cls17534,https://www.newsmax.com/us/cuomo-coronavirus-worst/2020/04/13/id/962629
520,month3_cls17534,http://feeds.reuters.com/~r/Reuters/UKWorldNews/~3/LfU5mZ60TEs/in-upset-for-republicans-liberal-ousts-trump-backed-judge-for-wisconsin-supreme-court-seat-idUKKCN21V0R4
521,month3_cls17534,https://www.hindustantimes.com/world-news/coronavirus-update-donald-trump-sends-wishes-to-very-good-friend-boris-johnson-as-his-covid-19-symptoms-worsen/story-G9bwem1MQQBtxr6xM48ciO.html
522,month3_cls17534,https://www.knau.org/post/bernie-sanders-endorses-joe-biden-president
523,month3_cls17534,https://www.bangkokpost.com/world/1895765/britains-johnson-enters-third-day-in-intensive-care
524,month3_cls17534,http://feeds.reuters.com/~r/Reuters/UKTopNews/~3/qA9afzijAAs/who-has-the-uk-nuclear-button-while-johnson-is-ill-no-comment-idUKKBN21P0XO
525,month3_cls17534,http://www.lessentiel.lu/de/news/welt/story/24375663
526,month3_cls17534,https://www.leavenworthtimes.com/ZZ/news/20200409/biden-woos-skeptical-sanders-backers-on-health-college-debt?rssfeed=true
527,month3_cls17534,https://www.boerse-online.de/nachrichten/aktien/vor-eu-gipfel-conte-fordert-schnelle-einigung-zu-corona-hilfen-1029113455
528,month3_cls17534,https://www.politico.com/news/2020/04/13/perez-no-doubt-democrats-unify-around-biden-183168
529,month3_cls17534,https://www.tauntongazette.com/ZZ/news/20200414/ap-sources-obama-to-endorse-biden-in-video-on-tuesday?rssfeed=true
530,month3_cls17534,https://thenews-chronicle.com/obama-endorses-joe-biden-for-president/?utm_source=rss&utm_medium=rss&utm_campaign=obama-endorses-joe-biden-for-president
531,month3_cls17534,https://www.boerse-online.de/nachrichten/aktien/merkel-breite-diskussion-ueber-weg-aus-der-krise-selbstverstaendlich-1029113480
532,month3_cls17534,https://www.ourmidland.com/news/article/Sanders-endorses-former-rival-Biden-for-president-15197307.php
533,month3_cls17534,https://www.fosters.com/zz/news/20200413/bernie-sanders-officially-endorses-joe-biden-for-president?rssfeed=true
534,month3_cls17534,https://globegazette.com/news/national/bernie-sanders-to-end-presidential-run-clearing-way-for-bidens-nomination/article_d9efb7fc-f94c-57ba-90e5-e4518c89db83.html
535,month3_cls17534,https://www.inlander.com/spokane/bernie-sanders-is-dropping-out-of-2020-democratic-race-for-president/Content?oid=19422926
536,month3_cls17534,https://www.boisestatepublicradio.org/post/boris-johnson-hospitalized-testing-after-coronavirus-diagnosis
537,month3_cls17534,https://www.oann.com/british-pm-johnson-demands-more-testing-to-defeat-the-coronavirus-outbreak/?utm_source=rss&utm_medium=rss&utm_campaign=british-pm-johnson-demands-more-testing-to-defeat-the-coronavirus-outbreak
538,month3_cls17534,https://www.foxnews.com/media/aoc-the-view-sanders-biden-nominee
539,month3_cls17534,https://www.diariosur.es/internacional/johnson-permanece-estable-20200408000441-ntvo.html
540,month3_cls17534,https://www.eldia.com/nota/2020-4-11-5-3-30-confirmaron-otro-contagio-en-la-plata-y-tres-muertes-en-el-pais-informacion-general
541,month3_cls17534,https://www.lapampadiaxdia.com.ar/2020/04/coronavirus-con-112-casos-nuevos-hay-3144-contagiados-y-151-muertos.html
542,month3_cls17534,https://www.paranacampana.com.ar/general/politica/entre-rios-esta-entre-las-siete-provincias-que-flexibilizan-la-cuarentena/
543,month3_cls17534,https://realidadsm.com/2020/04/25/coronavirus-argentina-ya-suma-3780-casos-positivos-185-fallecidos-y-1030-pacientes-recuperados/
544,month3_cls17534,https://www.nuevotribuno.com/2020/04/coronavirus-en-argentina-se-registraron.html
545,month3_cls17534,https://www.elesquiu.com/nacionales/2020/4/10/coronavirus-en-argentina-81-nuevos-casos-1975-en-total-nuevas-muertes-354693.html
546,month3_cls17534,https://radiodon.com.ar/2020/04/19/coronavirus-suman-134-las-victimas-fatales-y-2-941-los-infectados-en-argentina/
547,month3_cls17534,https://diariocastellanos.com.ar/2020/04/son-once-las-nuevas-actividades-exceptuadas-de-la-cuarentena/
548,month3_cls17534,https://diariosanrafael.com.ar/confirmaron-11-nuevas-muertes-por-coronavirus-en-argentina-y-172-casos-en-las-ultimas-24-horas-251392/
549,month3_cls17534,https://www.fltimes.com/news/nation/democratic-governors-form-compacts-to-coordinate-reopenings/article_14084e4a-2bcd-5125-921f-ada13450455f.html
550,month3_cls17534,http://www.tucumanoticias.com.ar/noticia/actualidad/coronavirus-confirman-128-nuevos-casos-y-suman-2571-en-todo-el-pais-206150.html
551,month3_cls17534,https://www.business-standard.com/article/pti-stories/mumbai-students-develop-ai-based-tool-to-detect-covid-19-rome-university-conducting-pilot-run-120041601036_1.html
552,month3_cls17534,http://www.primerafuente.com.ar/noticias/85885/tucuman-quedo-afuera-nueva-flexibilizacion-actividades-cuarentena
553,month3_cls17534,https://cwnoticias.com/contenido/19709/murio-marcos-mundstock-el-narrador-de-les-luthiers
554,month3_cls17534,https://infoparana.com.ar/confirmaron-nueve-muertes-y-112-casos-por-coronavirus-en-las-ultimas-24-horas/
555,month3_cls17534,http://www.nuevodiarioweb.com.ar/noticias/2020/04/20/243909-con-90-nuevos-casos-hay-3031-infectados-y-142-muertos-por-coronavirus-en-el-pais
556,month3_cls17534,https://www.eldia.com/nota/2020-4-17-2-37-3-confirman-otros-tres-casos-positivos-en-la-ciudad-y-ya-son-31-los-contagios-informacion-general
557,month3_cls17534,https://seranoticia.com/ya-son-79-las-muertes-y-1-894-los-infectados-por-coronavirus-en-la-argentina/
558,month3_cls17534,http://microfonodigital.com.ar/se-capacitara-a-docentes-formadores-de-enfermeria-en-materia-del-covid-19/
559,month3_cls17534,https://cwnoticias.com/contenido/19705/catamarca-y-formosa-sin-casos-de-coronavirus-y-tres-provincias-sin-reportar-posi
560,month3_cls17534,https://www.atlantico.net/articulo/vigo/reyes-interesan-atencion-coronavirus-cunqueiro/20200411150748768723.html
561,month3_cls17534,https://pamplonaactual.com/navarra-recibira-este-lunes-un-total-de-18-000-test-rapidos-de-coronavirus/
562,month3_cls17534,https://www.cope.es/emisoras/region-de-murcia/murcia-provincia/murcia/informativos-en-murcia/noticias/murcia-entre-regiones-que-dan-mejores-muestras-controlando-pandemia-20200406_672093
563,month3_cls17534,https://es.noticias.yahoo.com/comunidades-muestras-frenando-propagaci%C3%B3n-virus-133151561.html
564,month3_cls17534,http://www.rtve.es/noticias/20200414/asi-evolucionan-uci-ocupacion-mejora-pero-sigue-siendo-alto-estres/2010958.shtml
565,month3_cls17534,http://www.rtve.es/noticias/20200419/mapa-del-coronavirus-espana-20595-muertos-mas-196500-casos/2004681.shtml
566,month3_cls17534,https://www.boerse-online.de/nachrichten/aktien/vor-eu-gipfel-conte-fordert-schnelle-einigung-zu-corona-hilfen-1029113455
567,month3_cls17534,https://www.boerse-online.de/nachrichten/aktien/merkel-breite-diskussion-ueber-weg-aus-der-krise-selbstverstaendlich-1029113480
568,month3_cls17534,https://www.telecinco.es/informativos/salud/muere-medico-familia-toledo-coronavirus_18_2926620153.html
569,month3_cls17534,https://www.elidealgallego.com/articulo/espana/espana-casos-coronavirus/20200408120917433373.html
570,month3_cls17534,https://www.diarioinformacion.com/sociedad/2020/04/02/casos-coronavirus-hoy-dia-2/2251886.html?utm_source=rss
571,month3_cls17534,http://www.rtve.es/noticias/20200407/curva-del-coronavirus-comunidades-autonomas-ligero-repunte-casos-retraso-del-fin-semana/2010870.shtml
572,month3_cls17534,https://www.elmundo.es/ciencia-y-salud/salud/2020/04/01/5e845d77fdddff594a8b4580.html
573,month3_cls17534,https://www.elmundo.es/ciencia-y-salud/salud/2020/04/03/5e87035921efa0f4388b4641.html
574,month3_cls17534,https://www.prnewswire.com:443/news-releases/global-duchenne-muscular-dystrophy-dmd-epidemiology-insights-2017-2030-disease-risk-burden-and-unmet-needs-301046785.html
575,month3_cls17534,https://www.lavozdigital.es/sociedad/abci-cuantas-personas-muerto-realidad-coronavirus-espana-202004081451_noticia.html
576,month3_cls17534,http://www.rtve.es/noticias/20200402/mapa-del-coronavirus-espana-10096-muertos-mas-110000-casos/2004681.shtml
577,month3_cls17534,https://www.tribunasalamanca.com/noticias/espana-supera-los-10-dot-000-fallecidos-y-eleva-los-casos-de-coronavirus-hasta-las-110-dot-238-personas/
578,month3_cls17534,https://www.tribunasalamanca.com/noticias/todas-las-comunidades-menos-cuatro-deciden-aplazar-a-2021-las-oposiciones-docentes-previstas-este-ano/
579,month3_cls17534,https://www.expansion.com/sociedad/2020/04/12/5e92e19f468aeb62728b457e.html
580,month3_cls17534,https://www.atlantico.net/articulo/vigo/reyes-interesan-atencion-coronavirus-cunqueiro/20200411150748768723.html
581,month3_cls17534,https://pamplonaactual.com/navarra-recibira-este-lunes-un-total-de-18-000-test-rapidos-de-coronavirus/
582,month3_cls17534,http://alquds.com/articles/1587712719120550300/
583,month3_cls17534,https://es.noticias.yahoo.com/comunidades-muestras-frenando-propagaci%C3%B3n-virus-133151561.html
584,month3_cls17534,https://www.cope.es/emisoras/region-de-murcia/murcia-provincia/murcia/informativos-en-murcia/noticias/murcia-entre-regiones-que-dan-mejores-muestras-controlando-pandemia-20200406_672093
585,month3_cls17534,https://www.telecinco.es/informativos/salud/muere-medico-familia-toledo-coronavirus_18_2926620153.html
586,month3_cls17534,https://www.elidealgallego.com/articulo/espana/espana-casos-coronavirus/20200408120917433373.html
587,month3_cls17534,https://www.elimpulso.com/2020/04/10/video-trump-se-mostro-preocupado-por-posible-financiamiento-de-china-a-maduro-10abr/
588,month3_cls17534,https://www.diarioinformacion.com/sociedad/2020/04/02/casos-coronavirus-hoy-dia-2/2251886.html?utm_source=rss
589,month3_cls17534,https://www.elmundo.es/ciencia-y-salud/salud/2020/04/01/5e845d77fdddff594a8b4580.html
590,month3_cls17534,https://www.elmundo.es/ciencia-y-salud/salud/2020/04/03/5e87035921efa0f4388b4641.html
591,month3_cls17534,https://www.timesonline.com/ZZ/news/20200413/ocasio-cortez-biden-needs-real-health-care-plan?rssfeed=true
592,month3_cls17534,https://www.lavozdigital.es/sociedad/abci-cuantas-personas-muerto-realidad-coronavirus-espana-202004081451_noticia.html
593,month3_cls17534,http://www.rtve.es/noticias/20200402/mapa-del-coronavirus-espana-10096-muertos-mas-110000-casos/2004681.shtml
594,month3_cls17534,https://www.tribunasalamanca.com/noticias/espana-supera-los-10-dot-000-fallecidos-y-eleva-los-casos-de-coronavirus-hasta-las-110-dot-238-personas/
595,month3_cls17534,https://www.tribunasalamanca.com/noticias/todas-las-comunidades-menos-cuatro-deciden-aplazar-a-2021-las-oposiciones-docentes-previstas-este-ano/
596,month3_cls17534,https://www.latribunadecuenca.es/noticia/Z7BA40DEF-C366-6F59-2DCE2ACF837E5748/202004/espana-suma-605-muertes-la-cifra-mas-baja-desde-hace-17-dias
597,month3_cls17534,https://www.dailybreeze.com/2020/04/15/over-regulation-and-coronavirus-testing-delays/
598,month3_cls17534,https://www.malagahoy.es/sociedad/coronavirus-contagios-muertes-6-abril-espana_0_1453054820.html
599,month3_cls17534,https://timesofindia.indiatimes.com/world/us/trump-unveils-guidelines-to-reopen-country-lets-governors-to-take-call/articleshow/75191735.cms
